{
    "age": 32,
    "region": {
        "x": 93,
        "y": 199,
        "w": 561,
        "h": 561
    },
    "gender": "Woman",
    "emotion": {
        "angry": 0.00012588172535268744,
        "disgust": 4.503259492268822e-09,
        "fear": 3.624969696207712e-06,
        "happy": 99.88473057059828,
        "sad": 4.212907891630613e-05,
        "surprise": 0.0011505978140172177,
        "neutral": 0.11394548443379905
    },
    "dominant_emotion": "happy",
    "race": {
        "asian": 7.988350013556107e-07,
        "indian": 4.235594350140137e-07,
        "black": 1.6061928786801612e-09,
        "white": 99.97550248953715,
        "middle eastern": 0.006265955390195498,
        "latino hispanic": 0.01823171005056188
    },
    "dominant_race": "white"
}